<?xml version="1.0" encoding="UTF-8"?>
<copybook filename="TESTCPY.CBL" dialect="Mainframe" cb2xml-format="2017">
    <item level="01" name="WSAA-TEST-REC" position="1" storage-length="255" display-length="270" display-position="1">
        <item level="03" name="WSAA-TEST" position="1" storage-length="255" display-length="270" display-position="1">
            <item level="05" name="WSAA-TEST1" picture="X(10)" position="1" storage-length="10" display-length="10" display-position="1"/>
            <item level="05" name="WSAA-TEST2" picture="X(35)" position="11" storage-length="35" display-length="35" display-position="11"/>
            <item level="05" name="WSAA-TEST3" picture="S9(15)V9(02)" position="46" storage-length="17" display-length="17" scale="2" numeric="COBOL_NUMERIC" display-position="46"/>
            <item level="05" name="WSAA-TEST4" picture="X(20)" position="63" storage-length="20" display-length="20" display-position="63"/>
            <item level="05" name="WSAA-TEST5" picture="S9(15)V9(02)" usage="computational-3" position="83" storage-length="9" display-length="17" scale="2" numeric="COBOL_NUMERIC" display-position="83"/>
            <item level="05" name="WSAA-TEST6" picture="X(10)" position="92" storage-length="10" display-length="10" display-position="100"/>
            <item level="05" name="WSAA-TEST7" picture="9(03)" position="102" storage-length="3" display-length="3" numeric="COBOL_NUMERIC" display-position="110"/>
            <item level="05" name="WSAA-TEST8" picture="X(10)" position="105" storage-length="10" display-length="10" display-position="113"/>
            <item level="05" name="WSAA-TEST9" picture="S9(05)" usage="computational-3" position="115" storage-length="3" display-length="5" numeric="COBOL_NUMERIC" display-position="123"/>
            <item level="05" name="WSAA-TEST10" picture="X(12)" position="118" storage-length="12" display-length="12" display-position="128"/>
            <item level="05" name="WSAA-TEST11" picture="S9(08)" usage="computational-3" position="130" storage-length="5" display-length="8" numeric="COBOL_NUMERIC" display-position="140"/>
            <item level="05" name="WSAA-TEST12" picture="X(33)" position="135" storage-length="33" display-length="33" display-position="148"/>
            <item level="05" name="WSAA-TEST13" picture="X(60)" position="168" storage-length="60" display-length="60" display-position="181"/>
            <item level="05" name="WSAA-TEST14" picture="S9(03)V9(02)" usage="computational-3" position="228" storage-length="3" display-length="5" scale="2" numeric="COBOL_NUMERIC" display-position="241"/>
            <item level="05" name="WSAA-TEST15" picture="X(10)" position="231" storage-length="10" display-length="10" display-position="246"/>
            <item level="05" name="WSAA-TEST16" picture="X(15)" position="241" storage-length="15" display-length="15" display-position="256"/>
        </item>
    </item>
</copybook>